GeoCode,Boro_Location,GeoCodeLabel,Number_of_Motor_Vehicle_Collisions,Vehicles_or_Motorists_Involved,Injury_or_Fatal_Collisions,MotoristsInjured,MotoristsKilled,PassengInjured,PassengKilled,CyclistsInjured,CyclistsKilled,PedestrInjured,PedestrKilled,Bicycle
1,Manhattan 1st Precinct,1st Precinct,288,561,42,24,0,12,0,6,0,10,1,8
5,Manhattan 5th Precinct,5th Precinct,203,376,40,12,0,14,0,13,0,9,0,17
6,Manhattan 6th Precinct,6th Precinct,130,249,18,6,0,2,0,7,0,3,0,8
7,Manhattan 7th Precinct,7th Precinct,102,195,22,9,0,8,0,6,0,6,0,6
9,Manhattan 9th Precinct,9th Precinct,126,241,21,9,0,6,0,6,0,5,0,8
10,Manhattan 10th Precinct,10th Precinct,246,479,20,7,0,7,0,6,0,3,1,8
13,Manhattan 13th Precinct,13th Precinct,220,414,47,16,0,11,0,13,0,16,0,16
14,Manhattan Midtown South Precinct,Midtown South Precinct,323,630,28,9,0,2,0,9,0,9,0,10
17,Manhattan 17th Precinct,17th Precinct,282,544,54,27,0,25,0,10,0,10,0,11
18,Manhattan Midtown North Precinct,Midtown North Precinct,333,636,34,11,0,10,0,10,0,8,0,19
19,Manhattan 19th Precinct,19th Precinct,405,792,59,32,0,11,0,11,0,14,0,18
20,Manhattan 20th Precinct,20th Precinct,134,256,16,10,0,1,0,4,0,5,0,6
22,Manhattan Central Park Precinct,Central Park Precinct,5,6,1,0,0,0,0,0,0,1,0,2
23,Manhattan 23rd Precinct,23rd Precinct,135,259,12,7,0,7,0,1,0,2,0,10
24,Manhattan 24th Precinct,24th Precinct,109,209,21,10,1,10,0,4,0,5,0,6
25,Manhattan 25th Precinct,25th Precinct,219,432,45,24,0,32,0,5,0,8,1,5
26,Manhattan 26th Precinct,26th Precinct,76,148,10,2,0,1,0,5,0,2,0,5
28,Manhattan 28th Precinct,28th Precinct,85,161,20,4,0,5,0,5,0,7,0,6
30,Manhattan 30th Precinct,30th Precinct,79,157,7,5,0,8,0,0,0,1,0,1
32,Manhattan 32nd Precinct,32nd Precinct,133,252,24,8,0,10,0,4,0,5,0,7
33,Manhattan 33rd Precinct,33rd Precinct,136,277,20,11,0,18,0,2,0,2,0,3
34,Manhattan 34th Precinct,34th Precinct,147,297,18,6,0,5,0,3,0,8,0,3
40,Bronx 40th Precinct,40th Precinct,324,637,72,54,0,31,0,3,0,15,0,4
41,Bronx 41st Precinct,41st Precinct,168,343,32,19,0,17,0,4,0,3,0,5
42,Bronx 42nd Precinct,42nd Precinct,138,282,25,13,0,17,0,2,0,7,0,3
43,Bronx 43rd Precinct,43rd Precinct,331,650,61,29,1,29,0,11,0,10,0,12
44,Bronx 44th Precinct,44th Precinct,288,574,84,54,0,42,0,12,0,14,0,13
45,Bronx 45th Precinct,45th Precinct,328,680,60,56,0,31,1,2,0,5,0,2
46,Bronx 46th Precinct,46th Precinct,206,399,48,26,0,31,0,6,0,9,0,8
47,Bronx 47th Precinct,47th Precinct,341,674,85,71,2,38,0,5,0,15,0,5
48,Bronx 48th Precinct,48th Precinct,226,450,51,28,0,34,0,3,0,17,0,5
49,Bronx 49th Precinct,49th Precinct,221,447,59,43,0,26,1,2,0,15,0,2
50,Bronx 50th Precinct,50th Precinct,145,288,28,20,0,16,0,2,0,6,0,3
52,Bronx 52nd Precinct,52nd Precinct,263,520,58,35,0,23,0,5,0,15,0,6
60,Brooklyn 60th Precinct,60th Precinct,209,398,48,22,0,23,0,4,0,15,0,4
61,Brooklyn 61st Precinct,61st Precinct,261,509,47,20,0,11,0,10,0,15,0,12
62,Brooklyn 62nd Precinct,62nd Precinct,255,514,47,28,0,19,0,7,0,13,0,7
63,Brooklyn 63rd Precinct,63rd Precinct,214,437,32,25,0,13,0,4,0,3,0,7
66,Brooklyn 66th Precinct,66th Precinct,221,421,50,15,0,21,0,14,1,12,0,16
67,Brooklyn 67th Precinct,67th Precinct,366,740,100,65,0,73,0,7,0,22,0,8
68,Brooklyn 68th Precinct,68th Precinct,258,517,63,37,0,34,0,8,0,11,0,8
69,Brooklyn 69th Precinct,69th Precinct,190,377,44,35,0,22,0,1,0,7,0,3
70,Brooklyn 70th Precinct,70th Precinct,256,501,57,28,0,24,0,6,0,15,0,8
71,Brooklyn 71st Precinct,71st Precinct,194,396,49,34,0,25,0,6,0,10,0,7
72,Brooklyn 72nd Precinct,72nd Precinct,267,526,59,34,0,29,0,9,0,10,0,10
73,Brooklyn 73rd Precinct,73rd Precinct,206,395,53,29,0,18,0,6,0,19,0,7
75,Brooklyn 75th Precinct,75th Precinct,513,1025,130,79,0,67,0,11,0,26,0,14
76,Brooklyn 76th Precinct,76th Precinct,149,307,20,15,0,11,0,3,0,4,0,4
77,Brooklyn 77th Precinct,77th Precinct,197,394,52,32,0,37,0,9,0,7,0,12
78,Brooklyn 78th Precinct,78th Precinct,150,297,27,14,0,13,0,2,0,5,0,3
79,Brooklyn 79th Precinct,79th Precinct,201,388,46,24,0,16,0,12,0,9,0,17
81,Brooklyn 81st Precinct,81st Precinct,116,223,27,12,0,7,0,10,0,7,0,10
83,Brooklyn 83rd Precinct,83rd Precinct,220,433,56,34,1,31,0,15,0,5,1,18
84,Brooklyn 84th Precinct,84th Precinct,271,537,33,20,0,9,0,9,0,5,0,12
88,Brooklyn 88th Precinct,88th Precinct,137,257,42,26,0,11,0,12,0,4,0,14
90,Brooklyn 90th Precinct,90th Precinct,300,567,59,32,1,17,0,16,0,10,0,22
94,Brooklyn 94th Precinct,94th Precinct,216,421,33,19,0,13,0,7,0,7,0,12
100,Queens 100th Precinct,100th Precinct,83,152,22,11,0,1,0,3,0,7,0,3
101,Queens 101st Precinct,101st Precinct,99,192,20,15,0,9,0,1,0,3,1,2
102,Queens 102nd Precinct,102nd Precinct,327,659,70,36,0,20,0,12,0,13,0,12
103,Queens 103rd Precinct,103rd Precinct,294,592,71,47,0,34,0,4,0,14,0,5
104,Queens 104th Precinct,104th Precinct,351,692,79,58,2,34,0,8,0,13,0,9
105,Queens 105th Precinct,105th Precinct,585,1209,154,141,0,89,0,5,0,14,0,5
106,Queens 106th Precinct,106th Precinct,381,781,57,48,1,41,0,1,0,8,0,2
107,Queens 107th Precinct,107th Precinct,362,735,81,61,0,29,0,5,0,10,0,5
108,Queens 108th Precinct,108th Precinct,408,820,92,67,0,22,0,13,0,9,0,13
109,Queens 109th Precinct,109th Precinct,618,1248,100,65,0,61,0,10,0,21,0,9
110,Queens 110th Precinct,110th Precinct,277,548,54,38,0,18,0,7,0,5,0,11
111,Queens 111th Precinct,111th Precinct,347,714,38,36,0,15,0,0,0,4,0,1
112,Queens 112th Precinct,112th Precinct,214,426,45,27,0,32,0,2,0,9,2,4
113,Queens 113th Precinct,113th Precinct,353,718,87,74,0,44,0,3,0,7,0,3
114,Queens 114th Precinct,114th Precinct,412,795,76,40,0,21,0,12,0,21,0,16
115,Queens 115th Precinct,115th Precinct,310,611,60,47,0,22,0,4,0,10,0,9
120,S.Island 120th Precinct,120th Precinct,219,442,37,27,0,14,0,2,0,8,0,2
121,S.Island 121st Precinct,121st Precinct,326,661,58,42,0,24,0,4,0,8,0,4
122,S.Island 122nd Precinct,122nd Precinct,352,708,62,54,0,25,0,4,0,6,0,4
123,S.Island 123rd Precinct,123rd Precinct,147,288,22,15,0,9,0,2,0,4,0,1
